id_number,0232012940903,id_number_00000.jpg
id_number,0170024104658,id_number_00001.jpg
id_number,0063024093887,id_number_00002.jpg
id_number,0262010016926,id_number_00003.jpg
id_number,0002028507592,id_number_00004.jpg
id_number,0920084887210,id_number_00005.jpg
id_number,0692081441403,id_number_00006.jpg
id_number,0453043889359,id_number_00007.jpg
id_number,0893088038833,id_number_00008.jpg
id_number,0650057928369,id_number_00009.jpg
id_number,0781011194618,id_number_00010.jpg
id_number,0142005312664,id_number_00011.jpg
id_number,0070035971851,id_number_00012.jpg
id_number,0361024578843,id_number_00013.jpg
id_number,0842000382791,id_number_00014.jpg
id_number,0781070953002,id_number_00015.jpg
id_number,0830050807809,id_number_00016.jpg
id_number,0320009018392,id_number_00017.jpg
id_number,0520047954636,id_number_00018.jpg
id_number,0310093773665,id_number_00019.jpg
id_number,0833093915623,id_number_00020.jpg
id_number,0231007373715,id_number_00021.jpg
id_number,0682059728868,id_number_00022.jpg
id_number,0670043453822,id_number_00023.jpg
id_number,0053035465689,id_number_00024.jpg
id_number,0551043001750,id_number_00025.jpg
id_number,0320049581610,id_number_00026.jpg
id_number,0603045248013,id_number_00027.jpg
id_number,0492005784004,id_number_00028.jpg
id_number,0600026889979,id_number_00029.jpg
id_number,0333026843309,id_number_00030.jpg
id_number,0530093749132,id_number_00031.jpg
id_number,0071033794558,id_number_00032.jpg
id_number,0840028729879,id_number_00033.jpg
id_number,0681041662662,id_number_00034.jpg
id_number,0903009645126,id_number_00035.jpg
id_number,0550085687282,id_number_00036.jpg
id_number,0722000003984,id_number_00037.jpg
id_number,0510006852038,id_number_00038.jpg
id_number,0820045871560,id_number_00039.jpg
id_number,0071084979982,id_number_00040.jpg
id_number,0393076622093,id_number_00041.jpg
id_number,0811022196426,id_number_00042.jpg
id_number,0782044985766,id_number_00043.jpg
id_number,0150063706690,id_number_00044.jpg
id_number,0002006668342,id_number_00045.jpg
id_number,0791047540049,id_number_00046.jpg
id_number,0670074745138,id_number_00047.jpg
id_number,0550010954172,id_number_00048.jpg
id_number,0251008201615,id_number_00049.jpg
id_number,0771049403409,id_number_00050.jpg
id_number,0472007207004,id_number_00051.jpg
id_number,0400027436712,id_number_00052.jpg
id_number,0933059005798,id_number_00053.jpg
id_number,0211052547876,id_number_00054.jpg
id_number,0352014585444,id_number_00055.jpg
id_number,0851014779921,id_number_00056.jpg
id_number,0261073623172,id_number_00057.jpg
id_number,0193072681989,id_number_00058.jpg
id_number,0701045619452,id_number_00059.jpg
id_number,0832000206931,id_number_00060.jpg
id_number,0720029048901,id_number_00061.jpg
id_number,0081029312851,id_number_00062.jpg
id_number,0472080737586,id_number_00063.jpg
id_number,0050003480219,id_number_00064.jpg
id_number,0593076099644,id_number_00065.jpg
id_number,0860043806513,id_number_00066.jpg
id_number,0013039754994,id_number_00067.jpg
id_number,0510039276580,id_number_00068.jpg
id_number,0712058522234,id_number_00069.jpg
id_number,0030065645619,id_number_00070.jpg
id_number,0442065651709,id_number_00071.jpg
id_number,0260060119938,id_number_00072.jpg
id_number,0842016457595,id_number_00073.jpg
id_number,0430025360860,id_number_00074.jpg
id_number,0702020468207,id_number_00075.jpg
id_number,0253079088126,id_number_00076.jpg
id_number,0060067511344,id_number_00077.jpg
id_number,0703098500711,id_number_00078.jpg
id_number,0160042229929,id_number_00079.jpg
id_number,0253022279769,id_number_00080.jpg
id_number,0021011424597,id_number_00081.jpg
id_number,0583066270604,id_number_00082.jpg
id_number,0901035260704,id_number_00083.jpg
id_number,0640027647161,id_number_00084.jpg
id_number,0711058902009,id_number_00085.jpg
id_number,0722044025424,id_number_00086.jpg
id_number,0383058349783,id_number_00087.jpg
id_number,0943056789265,id_number_00088.jpg
id_number,0672047691083,id_number_00089.jpg
id_number,0183065123610,id_number_00090.jpg
id_number,0541025427057,id_number_00091.jpg
id_number,0800050459585,id_number_00092.jpg
id_number,0171062171857,id_number_00093.jpg
id_number,0140034486568,id_number_00094.jpg
id_number,0122086938728,id_number_00095.jpg
id_number,0521003252135,id_number_00096.jpg
id_number,0511048531787,id_number_00097.jpg
id_number,0953010039702,id_number_00098.jpg
id_number,0440062633264,id_number_00099.jpg
dob,22/02/1943,dob_00000.jpg
dob,26/05/1976,dob_00001.jpg
dob,01/10/1974,dob_00002.jpg
dob,08/01/1988,dob_00003.jpg
dob,26/08/2008,dob_00004.jpg
dob,18/07/1987,dob_00005.jpg
dob,14/04/2003,dob_00006.jpg
dob,06/03/1941,dob_00007.jpg
dob,12/06/1953,dob_00008.jpg
dob,09/07/1988,dob_00009.jpg
dob,15/01/1969,dob_00010.jpg
dob,22/09/1942,dob_00011.jpg
dob,19-10-2001,dob_00012.jpg
dob,09/06/1950,dob_00013.jpg
dob,08/01/1976,dob_00014.jpg
dob,22/08/1991,dob_00015.jpg
dob,27/10/1944,dob_00016.jpg
dob,17/06/1952,dob_00017.jpg
dob,05-08-2000,dob_00018.jpg
dob,15/02/1999,dob_00019.jpg
dob,08/11/1967,dob_00020.jpg
dob,07/09/1942,dob_00021.jpg
dob,22/07/1969,dob_00022.jpg
dob,17/12/1978,dob_00023.jpg
dob,28/04/1983,dob_00024.jpg
dob,03-09-1998,dob_00025.jpg
dob,17/01/1994,dob_00026.jpg
dob,19/01/1979,dob_00027.jpg
dob,06/02/1977,dob_00028.jpg
dob,18/09/1965,dob_00029.jpg
dob,05/09/1948,dob_00030.jpg
dob,23/10/1988,dob_00031.jpg
dob,31/05/1986,dob_00032.jpg
dob,07/04/1997,dob_00033.jpg
dob,24/08/1957,dob_00034.jpg
dob,20/06/1978,dob_00035.jpg
dob,21/04/1942,dob_00036.jpg
dob,12-11-1980,dob_00037.jpg
dob,19/08/1955,dob_00038.jpg
dob,18/10/2006,dob_00039.jpg
dob,10/11/1990,dob_00040.jpg
dob,15/03/2005,dob_00041.jpg
dob,07/05/1983,dob_00042.jpg
dob,01-06-1951,dob_00043.jpg
dob,19/04/1969,dob_00044.jpg
dob,27/09/1949,dob_00045.jpg
dob,07/08/1950,dob_00046.jpg
dob,08/02/2007,dob_00047.jpg
dob,03/09/1982,dob_00048.jpg
dob,16/07/1944,dob_00049.jpg
dob,09/11/1995,dob_00050.jpg
dob,01/05/2005,dob_00051.jpg
dob,16/06/1983,dob_00052.jpg
dob,08-06-1941,dob_00053.jpg
dob,08/02/2000,dob_00054.jpg
dob,05/03/1997,dob_00055.jpg
dob,25/02/1976,dob_00056.jpg
dob,17/06/1993,dob_00057.jpg
dob,10/07/1960,dob_00058.jpg
dob,11/10/1946,dob_00059.jpg
dob,20/08/1942,dob_00060.jpg
dob,14/04/1985,dob_00061.jpg
dob,11-01-1954,dob_00062.jpg
dob,02/04/1942,dob_00063.jpg
dob,02/11/1996,dob_00064.jpg
dob,30/06/1952,dob_00065.jpg
dob,10/02/1956,dob_00066.jpg
dob,01/05/1948,dob_00067.jpg
dob,25/09/1987,dob_00068.jpg
dob,06/04/1988,dob_00069.jpg
dob,21/10/1975,dob_00070.jpg
dob,02/04/1962,dob_00071.jpg
dob,17/01/1945,dob_00072.jpg
dob,14/04/1955,dob_00073.jpg
dob,04/12/1982,dob_00074.jpg
dob,19/08/1952,dob_00075.jpg
dob,23/10/1957,dob_00076.jpg
dob,19/12/1958,dob_00077.jpg
dob,08/03/2009,dob_00078.jpg
dob,04/12/1968,dob_00079.jpg
dob,07/01/1956,dob_00080.jpg
dob,18/11/1985,dob_00081.jpg
dob,13/03/1952,dob_00082.jpg
dob,02/01/1948,dob_00083.jpg
dob,11/07/1969,dob_00084.jpg
dob,13/01/2005,dob_00085.jpg
dob,15-07-1995,dob_00086.jpg
dob,25/03/2006,dob_00087.jpg
dob,19/09/1973,dob_00088.jpg
dob,16/09/1952,dob_00089.jpg
dob,13/05/1946,dob_00090.jpg
dob,14-11-1978,dob_00091.jpg
dob,27/12/1979,dob_00092.jpg
dob,18/12/1966,dob_00093.jpg
dob,11/08/1967,dob_00094.jpg
dob,08/08/1948,dob_00095.jpg
dob,30-08-1967,dob_00096.jpg
dob,23/09/2005,dob_00097.jpg
dob,18/05/2005,dob_00098.jpg
dob,17/10/1966,dob_00099.jpg
hometown,"Số 215, Cao Phong, Sông Lô, Vĩnh Phúc",hometown_00000.jpg
hometown,"Tổ 1, Vạn Hoà, Lào Cai, Lào Cai",hometown_00001.jpg
hometown,"4E9/39/415, Mỹ Phong, Mỹ Tho, Tiền Giang",hometown_00002.jpg
hometown,"2B3/61/371, Ia Dơk, Đức Cơ, Gia Lai",hometown_00003.jpg
hometown,"75/84/387, Tông Lạnh, Thuận Châu, Sơn La",hometown_00004.jpg
hometown,"Khu 196, Tràng Các, Văn Quan, Lạng Sơn",hometown_00005.jpg
hometown,"Yên Lập, Cao Phong, Hoà Bình",hometown_00006.jpg
hometown,"Thụy Chính, Thái Thụy, Thái Bình",hometown_00007.jpg
hometown,"Số 32790/55, Cam Hiệp Nam, Cam Lâm, Khánh Hòa",hometown_00008.jpg
hometown,"Khu 93, Khương Đình, Thanh Xuân, Hà Nội",hometown_00009.jpg
hometown,"23/3B9/442, Thanh Vĩnh Đông, Châu Thành, Long An",hometown_00010.jpg
hometown,"Số 8990/370, Nhơn Hạnh, An Nhơn, Bình Định",hometown_00011.jpg
hometown,"67/336, Phúc Trạch, Hương Khê, Hà Tĩnh",hometown_00012.jpg
hometown,"Khu 30, Bảo Hà, Bảo Yên, Lào Cai",hometown_00013.jpg
hometown,"23P/453, Long An, Long Hồ, Vĩnh Long",hometown_00014.jpg
hometown,"Số 11 Lô 6, Bàu Đồn, Gò Dầu, Tây Ninh",hometown_00015.jpg
hometown,"Cần Nông, Thông Nông, Cao Bằng",hometown_00016.jpg
hometown,"B26/495, Kim Hòa, Cầu Ngang, Trà Vinh",hometown_00017.jpg
hometown,"3/257, Trà Giang, Kiến Xương, Thái Bình",hometown_00018.jpg
hometown,"334 ngõ 80/274, Tân Khánh, Vụ Bản, Nam Định",hometown_00019.jpg
hometown,"5A4/367, Liêm Chính, Phủ Lý, Hà Nam",hometown_00020.jpg
hometown,"100/43W1, Lương Phú, Phú Bình, Thái Nguyên",hometown_00021.jpg
hometown,"Số 43 Lô 29, Sủng Là, Đồng Văn, Hà Giang",hometown_00022.jpg
hometown,"An Đồng, An Dương, Hải Phòng",hometown_00023.jpg
hometown,"240 ngõ 45/196, Tiên Lữ, Lập Thạch, Vĩnh Phúc",hometown_00024.jpg
hometown,"Số 104, 17, Gò Vấp, Hồ Chí Minh",hometown_00025.jpg
hometown,"Tân Lĩnh, Lục Yên, Yên Bái",hometown_00026.jpg
hometown,"30S/7, Trạm Hành, Đà Lạt, Lâm Đồng",hometown_00027.jpg
hometown,"Lăng, Tây Giang, Quảng Nam",hometown_00028.jpg
hometown,"Quý Quân, Hà Quảng, Cao Bằng",hometown_00029.jpg
hometown,"Số 18976/272, Trung Thành, Tràng Định, Lạng Sơn",hometown_00030.jpg
hometown,"22/30/466Q, 3, Quảng Trị, Quảng Trị",hometown_00031.jpg
hometown,"72/5/U65, Minh Quân, Trấn Yên, Yên Bái",hometown_00032.jpg
hometown,"4/20, Tân Hưng, Hớn Quản, Bình Phước",hometown_00033.jpg
hometown,"38/341, Xuân Tân, Thọ Xuân, Thanh Hóa",hometown_00034.jpg
hometown,"Số 35 Lô 19, Tràng Lương, Đông Triều, Quảng Ninh",hometown_00035.jpg
hometown,"Khu 294, Trung Bì, Kim Bôi, Hoà Bình",hometown_00036.jpg
hometown,"43/30/4P49, Tri Phú, Chiêm Hóa, Tuyên Quang",hometown_00037.jpg
hometown,"157 ngõ 57/346, Vĩnh Kim, Vĩnh Thạnh, Bình Định",hometown_00038.jpg
hometown,"Số 34 Khu 3, Đông Bắc, Kim Bôi, Hoà Bình",hometown_00039.jpg
hometown,"Số 23 Khu 12, Diên Sơn, Diên Khánh, Khánh Hòa",hometown_00040.jpg
hometown,"34/23/495, Thọ Vực, Triệu Sơn, Thanh Hóa",hometown_00041.jpg
hometown,"Nam Thắng, Nam Trực, Nam Định",hometown_00042.jpg
hometown,"Số 0 Khu 28, Quỳnh Trang, Hoàng Mai, Nghệ An",hometown_00043.jpg
hometown,"An Thượng, Yên Thế, Bắc Giang",hometown_00044.jpg
hometown,"355 ngõ 33/460, Mỹ Quý, Tháp Mười, Đồng Tháp",hometown_00045.jpg
hometown,"90/6/309, Khánh Thiện, Yên Khánh, Ninh Bình",hometown_00046.jpg
hometown,"13/125U, Hải Quế, Hải Lăng, Quảng Trị",hometown_00047.jpg
hometown,"48/50/4H0, Văn Nhân, Phú Xuyên, Hà Nội",hometown_00048.jpg
hometown,"Cát Lái, 2, Hồ Chí Minh",hometown_00049.jpg
hometown,"Khu 97, Triệu Phước, Triệu Phong, Quảng Trị",hometown_00050.jpg
hometown,"58I/437, Ngọc Động, Thông Nông, Cao Bằng",hometown_00051.jpg
hometown,"Tổ 24, An Thạnh, Hồng Ngự, Đồng Tháp",hometown_00052.jpg
hometown,"67X/228, Hoằng Minh, Hoằng Hóa, Thanh Hóa",hometown_00053.jpg
hometown,"Khu 27, Thào Chư Phìn, Si Ma Cai, Lào Cai",hometown_00054.jpg
hometown,"V95/483, Xuân Sơn, Tân Sơn, Phú Thọ",hometown_00055.jpg
hometown,"Số 39 Khu 20, Tân Hội, Mỏ Cày Nam, Bến Tre",hometown_00056.jpg
hometown,"Số 20460/27, Hồng Châu, Yên Lạc, Vĩnh Phúc",hometown_00057.jpg
hometown,"91A/374, Đại An, Vụ Bản, Nam Định",hometown_00058.jpg
hometown,"Phước Minh, Thuận Nam, Ninh Thuận",hometown_00059.jpg
hometown,"Phú Kim, Thạch Thất, Hà Nội",hometown_00060.jpg
hometown,"Nghĩa Yên, Nghĩa Đàn, Nghệ An",hometown_00061.jpg
hometown,"Khu 48, Hòa Định Đông, Phú Hoà, Phú Yên",hometown_00062.jpg
hometown,"Tổ 23, Cộng Hòa, Quảng Yên, Quảng Ninh",hometown_00063.jpg
hometown,"Thọ Diên, Thọ Xuân, Thanh Hóa",hometown_00064.jpg
hometown,"Ân Tường Đông, Hoài Ân, Bình Định",hometown_00065.jpg
hometown,"Tổ 22, Hùng An, Bắc Quang, Hà Giang",hometown_00066.jpg
hometown,"Số 660/476, Đông Phương, Đông Hưng, Thái Bình",hometown_00067.jpg
hometown,"Số 18 Lô 9, Khánh Lâm, U Minh, Cà Mau",hometown_00068.jpg
hometown,"Số 32627/351, Cẩm Thủy, Cẩm Phả, Quảng Ninh",hometown_00069.jpg
hometown,"3/27C8, Hiệp Hòa, Vũ Thư, Thái Bình",hometown_00070.jpg
hometown,"Số 24 Khu 13, Ia RMok, Krông Pa, Gia Lai",hometown_00071.jpg
hometown,"Số 7418/358, Trung Thượng, Quan Sơn, Thanh Hóa",hometown_00072.jpg
hometown,"4/47/217, Nga An, Nga Sơn, Thanh Hóa",hometown_00073.jpg
hometown,"9/32/248, Chư Á, Pleiku, Gia Lai",hometown_00074.jpg
hometown,"Tổ 30, Mai Hịch, Mai Châu, Hoà Bình",hometown_00075.jpg
hometown,"Số 50 Khu 17, Sơn Giang, Sông Hinh, Phú Yên",hometown_00076.jpg
hometown,"Số 17 Lô 22, Phù Yên, Phù Yên, Sơn La",hometown_00077.jpg
hometown,"Số 0 Lô 24, Bồng Khê, Con Cuông, Nghệ An",hometown_00078.jpg
hometown,"Số 31552/48, Tân Mỹ, Thanh Bình, Đồng Tháp",hometown_00079.jpg
hometown,"57/E141, Cư An, Đăk Pơ, Gia Lai",hometown_00080.jpg
hometown,"Số 165, Bình Dương, Phù Mỹ, Bình Định",hometown_00081.jpg
hometown,"V96/254, Cẩm Đình, Phúc Thọ, Hà Nội",hometown_00082.jpg
hometown,"Kỳ Nam, Kỳ Anh, Hà Tĩnh",hometown_00083.jpg
hometown,"Sơn Đông, Bến Tre, Bến Tre",hometown_00084.jpg
hometown,"191 ngõ 93/212, Quảng Hưng, Thanh Hóa, Thanh Hóa",hometown_00085.jpg
hometown,"Tổ 1, Tam Giang Đông, Năm Căn, Cà Mau",hometown_00086.jpg
hometown,"Khu 143, Vĩnh Lâm, Vĩnh Linh, Quảng Trị",hometown_00087.jpg
hometown,"215 ngõ 27/383, Xuân Hòa, Vũ Thư, Thái Bình",hometown_00088.jpg
hometown,"9T3/6/51, Phổ Châu, Đức Phổ, Quảng Ngãi",hometown_00089.jpg
hometown,"Số 48 Lô 29, Cam An Nam, Cam Lâm, Khánh Hòa",hometown_00090.jpg
hometown,"8L7/330, Thượng Vực, Chương Mỹ, Hà Nội",hometown_00091.jpg
hometown,"Châu Giang, Duy Tiên, Hà Nam",hometown_00092.jpg
hometown,"32/58/380, Long Kiến, Chợ Mới, An Giang",hometown_00093.jpg
hometown,"Số 30 Lô 6, Kỳ Liên, Kỳ Anh, Hà Tĩnh",hometown_00094.jpg
hometown,"Nguyên Bình, Tĩnh Gia, Thanh Hóa",hometown_00095.jpg
hometown,"76/79/31, 08, 5, Hồ Chí Minh",hometown_00096.jpg
hometown,"16/60/213, Nam Hải, Nam Trực, Nam Định",hometown_00097.jpg
hometown,"99/32, A Dơk, Đăk Đoa, Gia Lai",hometown_00098.jpg
hometown,"Hữu Nghị, Hòa Bình, Hoà Bình",hometown_00099.jpg
address,"Lộc Thái, Lộc Ninh, Bình Phước",address_00000.jpg
address,"27U/93/242, Hợp Hòa, Lương Sơn, Hoà Bình",address_00001.jpg
address,"Nghĩa Thọ, Nghĩa Đàn, Nghệ An",address_00002.jpg
address,"Số 11 Lô 2, Đồng Tiến, Bắc Quang, Hà Giang",address_00003.jpg
address,"Thăng Hưng, Chư Prông, Gia Lai",address_00004.jpg
address,"Cẩm Quang, Cẩm Xuyên, Hà Tĩnh",address_00005.jpg
address,"51/H269, Phố Ràng, Bảo Yên, Lào Cai",address_00006.jpg
address,"Số 25 Khu 10, Đèo Gia, Lục Ngạn, Bắc Giang",address_00007.jpg
address,"Tổ 25, Nhật Tân, Tây Hồ, Hà Nội",address_00008.jpg
address,"50/276, Hương Thọ, Vũ Quang, Hà Tĩnh",address_00009.jpg
address,"Minh Khương, Hàm Yên, Tuyên Quang",address_00010.jpg
address,"61/13/312, Thạnh Phú, Cầu Kè, Trà Vinh",address_00011.jpg
address,"Duy Minh, Duy Tiên, Hà Nam",address_00012.jpg
address,"Số 40643/453, An Đồng, Quỳnh Phụ, Thái Bình",address_00013.jpg
address,"Khu 55, Xuân Lộc, Can Lộc, Hà Tĩnh",address_00014.jpg
address,"99/84/D32, Trà Nam, Nam Trà My, Quảng Nam",address_00015.jpg
address,"84/1/137, Đại Đồng, Văn Lâm, Hưng Yên",address_00016.jpg
address,"Số 28 Lô 14, Đậu Liêu, Hồng Lĩnh, Hà Tĩnh",address_00017.jpg
address,"Số 8743/15, Yên Phú, Bắc Mê, Hà Giang",address_00018.jpg
address,"Tiên An, Tiên Phước, Quảng Nam",address_00019.jpg
address,"Số 44961/496, Tràng Lương, Đông Triều, Quảng Ninh",address_00020.jpg
address,"401 ngõ 10/397, Bình Thanh, Kiến Xương, Thái Bình",address_00021.jpg
address,"Tam Vinh, Phú Ninh, Quảng Nam",address_00022.jpg
address,"Số 0 Khu 30, Xuân Đài, Xuân Trường, Nam Định",address_00023.jpg
address,"Thanh Lĩnh, Thanh Chương, Nghệ An",address_00024.jpg
address,"Chi Lăng, Hưng Hà, Thái Bình",address_00025.jpg
address,"Đông Sơn, A Lưới, Thừa Thiên Huế",address_00026.jpg
address,"79/66/A328, Văn Sơn, Đô Lương, Nghệ An",address_00027.jpg
address,"An Phụ, Kinh Môn, Hải Dương",address_00028.jpg
address,"Khu 325, Ia Tơi, Ia H' Drai, Kon Tum",address_00029.jpg
address,"Thạch Châu, Lộc Hà, Hà Tĩnh",address_00030.jpg
address,"Chuyên Ngoại, Duy Tiên, Hà Nam",address_00031.jpg
address,"Pô Kô, Đắk Tô, Kon Tum",address_00032.jpg
address,"102 ngõ 16/322, Tam Quang, Vũ Thư, Thái Bình",address_00033.jpg
address,"Buôn Triết, Lắk, Đắk Lắk",address_00034.jpg
address,"Khu 13, Ea T'Ling, Cư Jút, Đắk Nông",address_00035.jpg
address,"Số 45472/158, Vân Hòa, Ba Vì, Hà Nội",address_00036.jpg
address,"Ngũ Phúc, Kim Thành, Hải Dương",address_00037.jpg
address,"Phước Sơn, Bù Đăng, Bình Phước",address_00038.jpg
address,"Đức Thượng, Hoài Đức, Hà Nội",address_00039.jpg
address,"Hiền Chung, Quan Hóa, Thanh Hóa",address_00040.jpg
address,"Hương Ngải, Thạch Thất, Hà Nội",address_00041.jpg
address,"76/437, Ngũ Thái, Thuận Thành, Bắc Ninh",address_00042.jpg
address,"13Y/76/494, Hòa Tú 1, Mỹ Xuyên, Sóc Trăng",address_00043.jpg
address,"Sơn Mai, Hương Sơn, Hà Tĩnh",address_00044.jpg
address,"Ch'ơm, Tây Giang, Quảng Nam",address_00045.jpg
address,"310 ngõ 24/195, Ninh Loan, Đức Trọng, Lâm Đồng",address_00046.jpg
address,"Đắk Nia, Gia Nghĩa, Đắk Nông",address_00047.jpg
address,"Việt Ngọc, Tân Yên, Bắc Giang",address_00048.jpg
address,"Số 46387/428, Mường Phăng, Điện Biên, Điện Biên",address_00049.jpg
address,"57J/98/354, Hưng Thuận, Trảng Bàng, Tây Ninh",address_00050.jpg
address,"Số 27 Khu 27, Đạ Nhim, Lạc Dương, Lâm Đồng",address_00051.jpg
address,"Số 434, Chu Minh, Ba Vì, Hà Nội",address_00052.jpg
address,"Mỹ Hạnh Bắc, Đức Hòa, Long An",address_00053.jpg
address,"Gio Linh, Gio Linh, Quảng Trị",address_00054.jpg
address,"Phú Trinh, Phan Thiết, Bình Thuận",address_00055.jpg
address,"Nam Đà, Krông Nô, Đắk Nông",address_00056.jpg
address,"Ba Cụm Nam, Khánh Sơn, Khánh Hòa",address_00057.jpg
address,"Đồng Tiến, Cô Tô, Quảng Ninh",address_00058.jpg
address,"Yên Khương, Lang Chánh, Thanh Hóa",address_00059.jpg
address,"Lộc Hưng, Trảng Bàng, Tây Ninh",address_00060.jpg
address,"Số 36826/402, Khương Mai, Thanh Xuân, Hà Nội",address_00061.jpg
address,"Bưởi, Tây Hồ, Hà Nội",address_00062.jpg
address,"Số 18 Lô 28, Quang Minh, Hiệp Hòa, Bắc Giang",address_00063.jpg
address,"Long Châu, Tân Châu, An Giang",address_00064.jpg
address,"Lộc Trì, Phú Lộc, Thừa Thiên Huế",address_00065.jpg
address,"Thuận An, Long Mỹ, Hậu Giang",address_00066.jpg
address,"Yến Mao, Thanh Thuỷ, Phú Thọ",address_00067.jpg
address,"Hòa Lạc, Hữu Lũng, Lạng Sơn",address_00068.jpg
address,"05, 5, Hồ Chí Minh",address_00069.jpg
address,"Mỹ Trung, Mỹ Lộc, Nam Định",address_00070.jpg
address,"76/2V4/127, Bình Ninh, Tam Bình, Vĩnh Long",address_00071.jpg
address,"84 ngõ 1/346, 02, Phú Nhuận, Hồ Chí Minh",address_00072.jpg
address,"Số 47564/322, Hòn Thơm, Phú Quốc, Kiên Giang",address_00073.jpg
address,"Liên Mạc, Bắc Từ Liêm, Hà Nội",address_00074.jpg
address,"Tân Dĩnh, Lạng Giang, Bắc Giang",address_00075.jpg
address,"Yên Lập, Vĩnh Tường, Vĩnh Phúc",address_00076.jpg
address,"02, 5, Hồ Chí Minh",address_00077.jpg
address,"97G/471, Lũng Niêm, Bá Thước, Thanh Hóa",address_00078.jpg
address,"Đắk Nhoong, Đắk Glei, Kon Tum",address_00079.jpg
address,"Chiềng Muôn, Mường La, Sơn La",address_00080.jpg
address,"Tân Khánh Hòa, Giang Thành, Kiên Giang",address_00081.jpg
address,"82/43K, Nghĩa Đàn, Nghĩa Đàn, Nghệ An",address_00082.jpg
address,"Số 8 Khu 29, Bồ Xuyên, Thái Bình, Thái Bình",address_00083.jpg
address,"Cẩm Ninh, Ân Thi, Hưng Yên",address_00084.jpg
address,"Số 49 Lô 1, Cẩm Mỹ, Cẩm Xuyên, Hà Tĩnh",address_00085.jpg
address,"Phú Tân, Châu Thành, Hậu Giang",address_00086.jpg
address,"Nhơn Phú, Qui Nhơn, Bình Định",address_00087.jpg
address,"Hoàng Tiến, Chí Linh, Hải Dương",address_00088.jpg
address,"Tân Lang, Phù Yên, Sơn La",address_00089.jpg
address,"Số 20 Khu 14, Tân Ninh, Tân Thạnh, Long An",address_00090.jpg
address,"Hòa Thuận, Châu Thành, Trà Vinh",address_00091.jpg
address,"Thượng Lộ, Nam Đông, Thừa Thiên Huế",address_00092.jpg
address,"5, Tân An, Long An",address_00093.jpg
address,"Khu 138, Cam Thuận, Cam Ranh, Khánh Hòa",address_00094.jpg
address,"Thượng Vực, Chương Mỹ, Hà Nội",address_00095.jpg
address,"36/29/J34, Hra, Mang Yang, Gia Lai",address_00096.jpg
address,"Tổ 28, Gia Tân 3, Thống Nhất, Đồng Nai",address_00097.jpg
address,"Tổ 28, Hợp Châu, Lương Sơn, Hoà Bình",address_00098.jpg
address,"Nậm Nèn, Mường Chà, Điện Biên",address_00099.jpg
name,Nguyễn Trung Đức,name_00000.jpg
name,Nguyễn Văn Sáng,name_00001.jpg
name,Thiều Văn Đảng,name_00002.jpg
name,Ngô Xuân Mạnh,name_00003.jpg
name,Nguyễn Văn Thành,name_00004.jpg
name,Nguyễn Văn Vũ,name_00005.jpg
name,Nguyễn Thành Tâm,name_00006.jpg
name,Nguyễn Đức Anh,name_00007.jpg
name,Nguyễn Văn Hải Hòa,name_00008.jpg
name,Chu Bá Hùng,name_00009.jpg
name,Đoàn Văn Thao,name_00010.jpg
name,Trần Xuân Tùng,name_00011.jpg
name,Lê Văn Thái,name_00012.jpg
name,Nguyễn Thế Anh,name_00013.jpg
name,Nguyễn Lương Thao,name_00014.jpg
name,Nguyễn Đức Mạnh,name_00015.jpg
name,Đinh Trường Sơn,name_00016.jpg
name,Nguyễn Quốc Hội,name_00017.jpg
name,Lê Đức Nam,name_00018.jpg
name,Vũ Tuấn Anh,name_00019.jpg
name,Trần Văn Bằng,name_00020.jpg
name,Nguyễn Ngọc Hiếu,name_00021.jpg
name,Đoàn Văn Phúc,name_00022.jpg
name,Nguyễn Văn Hùng,name_00023.jpg
name,Phạm Hồng Trường,name_00024.jpg
name,Hoàng Quốc Huy,name_00025.jpg
name,Nguyễn Anh Tuấn,name_00026.jpg
name,Nguyễn Đình Nhâm,name_00027.jpg
name,Đặng Văn An,name_00028.jpg
name,Nguyễn Huy Hoàng,name_00029.jpg
name,Nguyễn Văn Nhân,name_00030.jpg
name,Vũ Thanh Tùng,name_00031.jpg
name,Vũ Công Đình,name_00032.jpg
name,Nguyễn Thế Sơn,name_00033.jpg
name,Dương Bảo Anh,name_00034.jpg
name,Trần Đức Hùng,name_00035.jpg
name,Trần Quang Nam,name_00036.jpg
name,Trần Văn Phương,name_00037.jpg
name,Trần Văn Thoả,name_00038.jpg
name,Mai Thế Chung,name_00039.jpg
name,Nguyễn Quốc Hải,name_00040.jpg
name,Nguyễn Văn Quang,name_00041.jpg
name,Nguyễn Hữu Quý,name_00042.jpg
name,Nguyễn Trọng Quý,name_00043.jpg
name,Nguyễn Văn Trường,name_00044.jpg
name,Nguyễn Tiến Đạt,name_00045.jpg
name,Nguyễn Thị Thu Hà,name_00046.jpg
name,Vũ Phúc Lợi,name_00047.jpg
name,Bùi Hữu Phước,name_00048.jpg
name,Nguyễn Tiến Hưng,name_00049.jpg
name,Phạm Thị Quỳnh,name_00050.jpg
name,Phạm Hồng Sơn,name_00051.jpg
name,Nghiêm Thành Công,name_00052.jpg
name,Phùng Thị Anh Hoa,name_00053.jpg
name,Phùng Nhật Huy,name_00054.jpg
name,Nguyễn Văn Lân,name_00055.jpg
name,Bùi Quốc Luýt,name_00056.jpg
name,Nguyễn Đức Nam,name_00057.jpg
name,Trần Tuấn Phong,name_00058.jpg
name,Đặng Thanh Thu,name_00059.jpg
name,Trương Văn Tiến,name_00060.jpg
name,Phạm Đức Duy,name_00061.jpg
name,Đặng Thành Đạt,name_00062.jpg
name,Hoàng Minh Đức,name_00063.jpg
name,Nguyễn Thị Ngân,name_00064.jpg
name,Trần Văn Quyền,name_00065.jpg
name,Bùi Văn Hùng,name_00066.jpg
name,Vũ Quốc Văn,name_00067.jpg
name,Lê Văn Lãm,name_00068.jpg
name,Nguyễn Văn Lịch,name_00069.jpg
name,Bùi Ngọc Sơn,name_00070.jpg
name,Đỗ Văn Toản,name_00071.jpg
name,Vũ Đắc Tuấn,name_00072.jpg
name,Nguyễn Bá Dương,name_00073.jpg
name,Phạm Thị Hảo,name_00074.jpg
name,Đặng Quốc Hưng,name_00075.jpg
name,Đàm Trung Kiên,name_00076.jpg
name,Vũ Văn Minh,name_00077.jpg
name,Vũ Việt Phương,name_00078.jpg
name,Hoàng Minh Thắng,name_00079.jpg
name,Nguyễn Xuân Bắc,name_00080.jpg
name,Trần Đức Chung,name_00081.jpg
name,Nguyễn Đình Huy,name_00082.jpg
name,Đỗ Văn Hưng,name_00083.jpg
name,Vũ Trung Kiên,name_00084.jpg
name,Đỗ Văn Thái,name_00085.jpg
name,Phan Hoàng Việt,name_00086.jpg
name,Đinh Thế Hòa,name_00087.jpg
name,Đào Khánh Nguyên,name_00088.jpg
name,Nguyễn Thành Đạt,name_00089.jpg
name,Trần Bá Hệ,name_00090.jpg
name,Đào Xuân Phi,name_00091.jpg
name,Phạm Hà Sơn,name_00092.jpg
name,Khương Văn Tân,name_00093.jpg
name,Lê Ngọc Thắng,name_00094.jpg
name,Phạm Khương Duy,name_00095.jpg
name,Vũ Quang Huy,name_00096.jpg
name,Nguyễn Thành Long,name_00097.jpg
name,Nguyễn Minh Phúc,name_00098.jpg
name,Nguyễn Hoàng Sơn,name_00099.jpg
name,Nguyễn Văn Tâm,name_00100.jpg
name,Nguyễn Việt Trung,name_00101.jpg
name,Nguyễn Mạnh Cường,name_00102.jpg
name,Đỗ Xuân Hùng,name_00103.jpg
name,Nguyễn Mạnh Hùng,name_00104.jpg
name,Đào Anh Quân,name_00105.jpg
name,Lê Văn Sơn,name_00106.jpg
name,Bùi Văn Tiến,name_00107.jpg
name,Nguyễn Xuân Hoà,name_00108.jpg
name,Trần Văn Mạnh,name_00109.jpg
name,Mai Hồng Chương,name_00110.jpg
name,Nguyễn Ngọc Đức,name_00111.jpg
name,Nguyễn Tuấn Anh,name_00112.jpg
name,Trần Văn Hiệp,name_00113.jpg
name,Nguyễn Minh Tú,name_00114.jpg
name,Đỗ Văn Hân,name_00115.jpg
name,Dương Văn Kiên,name_00116.jpg
name,Lê Văn Mạnh,name_00117.jpg
name,Phạm Văn Quang,name_00118.jpg
name,Doãn Thế Toản,name_00119.jpg
name,Nguyễn Thế Anh,name_00120.jpg
name,Đặng Xuân Dương,name_00121.jpg
name,Lê Anh Tuấn,name_00122.jpg
name,Nguyễn Văn Tuyến,name_00123.jpg
name,Vũ Văn Vương,name_00124.jpg
name,Nguyễn Đình Ái,name_00125.jpg
name,Đoàn Tất Bằng,name_00126.jpg
name,Trần Trường Giang,name_00127.jpg
name,Dương Tuấn Hiệp,name_00128.jpg
name,Nguyễn Bá Kiên,name_00129.jpg
name,Nguyễn Huy Minh,name_00130.jpg
name,Nguyễn Phương Nam,name_00131.jpg
name,Chu Đào Ngọc Minh,name_00132.jpg
name,Trần Văn Tú,name_00133.jpg
name,Nguyễn Đức Nghĩa,name_00134.jpg
name,Phạm Thị Minh Thùy,name_00135.jpg
name,Nguyễn Công Hùng,name_00136.jpg
name,Vũ Duy Tú,name_00137.jpg
name,Lê Quang Hưng,name_00138.jpg
name,Nông Việt Trí,name_00139.jpg
name,Ngô Thị Phương Anh,name_00140.jpg
name,Nguyễn Đức Đại,name_00141.jpg
name,Nguyễn Quang Huy,name_00142.jpg
name,Trịnh Việt Hưng,name_00143.jpg
name,Hoàng Thị Thùy Linh,name_00144.jpg
name,Phan Thanh Long,name_00145.jpg
name,Đinh Thị Lý,name_00146.jpg
name,Lê Thị Kim Mai,name_00147.jpg
name,Nguyễn Thức Nam,name_00148.jpg
name,Nguyễn Đình Nguyên,name_00149.jpg
name,Đoàn Thái Sơn,name_00150.jpg
name,Trần Tuấn Thành,name_00151.jpg
name,Vũ Đức Thuần,name_00152.jpg
name,Hoàng Thị Thùy,name_00153.jpg
name,Đàm Quang Trung,name_00154.jpg
name,Lê Quốc Việt,name_00155.jpg
name,Cấn Thị Ngần,name_00156.jpg
name,Ngô Duy Anh,name_00157.jpg
name,Đào Văn Khoa,name_00158.jpg
name,Tống Văn Tiến,name_00159.jpg
name,Nguyễn Bá Thức,name_00160.jpg
name,Nguyễn Văn Tuấn,name_00161.jpg
name,Nguyễn Văn Thao,name_00162.jpg
name,Cao Khắc Tiệp,name_00163.jpg
name,Hà Việt Anh,name_00164.jpg
name,Nguyễn Minh Thắng,name_00165.jpg
name,Mai Mạnh Cường,name_00166.jpg
name,Nguyễn Văn Lâm,name_00167.jpg
name,Lại Hải Đăng,name_00168.jpg
name,Vũ Quốc Việt,name_00169.jpg
name,Bùi Bích Liên,name_00170.jpg
name,Nguyễn Thị Ngọc ánh,name_00171.jpg
name,Cù Tuấn Kiên,name_00172.jpg
name,Bùi Thị Mỹ Linh,name_00173.jpg
name,Trần Thị Kiều,name_00174.jpg
name,Nguyễn Thị Trà My,name_00175.jpg
name,Lê Năng Minh Phúc,name_00176.jpg
name,Lê Hữu Quang,name_00177.jpg
name,Nguyễn Nhật Quang,name_00178.jpg
name,Bùi Tuấn Anh,name_00179.jpg
name,Phan Sỹ Cường,name_00180.jpg
name,Hà Bích Diệp,name_00181.jpg
name,Đinh Thị Hoa,name_00182.jpg
name,Đỗ Phương Linh,name_00183.jpg
name,Trương Thị Mai,name_00184.jpg
name,Lê Thị Trang,name_00185.jpg
name,Đinh Tuyên Quang,name_00186.jpg
name,Bùi Thị Mai Hương,name_00187.jpg
name,Nguyễn Ngọc Lộc,name_00188.jpg
name,Nguyễn Văn Tuấn,name_00189.jpg
name,Lê Đức Thịnh,name_00190.jpg
name,Nguyễn Thị Kiều Oanh,name_00191.jpg
name,Phạm Thị Thu Thanh,name_00192.jpg
name,Nguyễn Thị Ngà,name_00193.jpg
name,Lê Đức Anh,name_00194.jpg
name,Hoàng Anh Công,name_00195.jpg
name,Phạm Chí Đạt,name_00196.jpg
name,Lê Thị Huệ,name_00197.jpg
name,Nguyễn Đức Ngọc,name_00198.jpg
name,Tạ Thị Hảo,name_00199.jpg
name,Phùng Thị Huyền,name_00200.jpg
name,Nguyễn Quốc Cường,name_00201.jpg
name,Nguyễn Thị Lý,name_00202.jpg
name,Đỗ Hồng Nhung,name_00203.jpg
name,Nguyễn Ngọc Anh,name_00204.jpg
name,Vũ Thanh Hảo,name_00205.jpg
name,Bùi Thị Phương,name_00206.jpg
name,Trần Minh Đức,name_00207.jpg
name,Nguyễn Tuấn Phong,name_00208.jpg
name,Nguyễn Thị Hoàng Yến,name_00209.jpg
name,Nguyễn Thị Mai Anh,name_00210.jpg
name,Nguyễn Thị Hồng Bích,name_00211.jpg
name,Trần Thị Duyên,name_00212.jpg
name,Ngô Thị Đào,name_00213.jpg
name,Nguyễn Thị Linh Giang,name_00214.jpg
name,Nguyễn Thị Trường Giang,name_00215.jpg
name,Lê Thị Hà,name_00216.jpg
name,Nguyễn Thị Thanh Hà,name_00217.jpg
name,Nguyễn Thị Hằng,name_00218.jpg
name,Nguyễn Hoàng Hiệp,name_00219.jpg
name,Lục Huy Hoàng,name_00220.jpg
name,Triệu Thị Huyền,name_00221.jpg
name,Nguyễn Thị Hường,name_00222.jpg
name,Hoàng Thị Tú Linh,name_00223.jpg
name,Nguyễn Hoài Linh,name_00224.jpg
name,Phạm Thị Linh,name_00225.jpg
name,Trịnh Khánh Linh,name_00226.jpg
name,Bùi Thị Tuyết Mai,name_00227.jpg
name,Đinh Thị Tuyết Mai,name_00228.jpg
name,Nguyễn Thị Nga,name_00229.jpg
name,Đặng Hồng Nhung,name_00230.jpg
name,Nguyễn Ánh Phương,name_00231.jpg
name,Nguyễn Thị Minh Phương,name_00232.jpg
name,Nguyễn Văn Thành,name_00233.jpg
name,Trần Thị Thảo,name_00234.jpg
name,Đặng Thị Thanh Thư,name_00235.jpg
name,Lê Minh Tuấn,name_00236.jpg
name,Phùng Thị Thu Uyên,name_00237.jpg
name,Vũ Hải Yến,name_00238.jpg
name,Mai Thị Thanh An,name_00239.jpg
name,Nguyễn Thị Ngọc Ánh,name_00240.jpg
name,Trần Nhật Cường,name_00241.jpg
name,Phạm Thị Bích Hồng,name_00242.jpg
name,Phạm Huy Khánh,name_00243.jpg
name,Phan Vũ Tuyết Lê,name_00244.jpg
name,Đinh Thị Năm,name_00245.jpg
name,Nghiêm Bảo Ngọc,name_00246.jpg
name,Trần Anh Quang,name_00247.jpg
name,Phạm Thị Thắm,name_00248.jpg
name,Nguyễn Thị Thu Thủy,name_00249.jpg
name,Nguyễn Quỳnh Trang,name_00250.jpg
name,Nguyễn Thị Huyền Trang,name_00251.jpg
name,Nguyễn Thúy Vân,name_00252.jpg
name,Nguyễn Thúy Ngân An,name_00253.jpg
name,Lê Thị Kim Anh,name_00254.jpg
name,Lưu Phương Anh,name_00255.jpg
name,Nguyễn Thị Vân Anh,name_00256.jpg
name,Nguyễn Tuấn Anh,name_00257.jpg
name,Phạm Thị Lan Anh,name_00258.jpg
name,Vũ Thị Vân Anh,name_00259.jpg
name,Bùi Thị Bích,name_00260.jpg
name,Lê Thị Cúc,name_00261.jpg
name,Nguyễn Thị Huyền Diệu,name_00262.jpg
name,Dương Thuỳ Dung,name_00263.jpg
name,Vũ Thị Hương Dung,name_00264.jpg
name,Chu Thị Thùy Dương,name_00265.jpg
name,Trần Thị Hương Giang,name_00266.jpg
name,Đặng Thị Hồng Hà,name_00267.jpg
name,Nguyễn Thị Thu Hà,name_00268.jpg
name,Vũ Thị Hạnh,name_00269.jpg
name,Nguyễn Thị Bích Hảo,name_00270.jpg
name,Nguyễn Thị Mỹ Hảo,name_00271.jpg
name,Trần Thị Hảo,name_00272.jpg
name,Đoàn Thị Thu Hiên,name_00273.jpg
name,Nguyễn Thu Hòa,name_00274.jpg
name,Đào Minh Hoàng,name_00275.jpg
name,Phạm Thị Hồng,name_00276.jpg
name,Đỗ Thị Huyền,name_00277.jpg
name,Nguyễn Thị Huyền,name_00278.jpg
name,Bùi Thu Hương,name_00279.jpg
name,Nguyễn Thị Lam,name_00280.jpg
name,Nguyễn Thị Ngọc Lan,name_00281.jpg
name,Phạm Thị Lan,name_00282.jpg
name,Vũ Thị Phương Liên,name_00283.jpg
name,Nguyễn Thị Thúy Nga,name_00284.jpg
name,Phạm Thị Nga,name_00285.jpg
name,Bùi Thúy Ngọc,name_00286.jpg
name,Dư Thị Bảo Ngọc,name_00287.jpg
name,Đặng Thị Hồng Ngọc,name_00288.jpg
name,Lò Thị Linh Phương,name_00289.jpg
name,Trần Thị Tâm,name_00290.jpg
name,Hoàng Thị Trang,name_00291.jpg
name,Phạm Quỳnh Trang,name_00292.jpg
name,Vũ Thị Tươi,name_00293.jpg
name,Nguyễn Thị Xiêm,name_00294.jpg
name,Nguyễn Ngọc Anh,name_00295.jpg
name,Ngô Thị Châu,name_00296.jpg
name,Nguyễn Thị Thanh Chiều,name_00297.jpg
name,Nguyễn Thị Dung,name_00298.jpg
name,Phạm Thị Bích Đào,name_00299.jpg
name,Mã Thị Giang,name_00300.jpg
name,Ngô Thị Giang,name_00301.jpg
name,Bùi Thị Việt Hà,name_00302.jpg
name,Đào Thị Hiền,name_00303.jpg
name,Phan Trung Hiếu,name_00304.jpg
name,Nguyễn Thị Hoa,name_00305.jpg
name,Bùi Thị Thanh Hoài,name_00306.jpg
name,Phạm Thị Thu Huế,name_00307.jpg
name,Nguyễn Thị Lan Hương,name_00308.jpg
name,Nguyễn Thị Lan Hương,name_00309.jpg
name,Lê Thị Hưởng,name_00310.jpg
name,Nguyễn Thị Lan,name_00311.jpg
name,Trần Thị Lan,name_00312.jpg
name,Hoàng Thị Kim Liên,name_00313.jpg
name,Lê Thị Huệ Linh,name_00314.jpg
name,Nguyễn Thị Trà Ly,name_00315.jpg
name,Lê Thị Lý,name_00316.jpg
name,Đào Thị Mai,name_00317.jpg
name,Đoàn Thu Nga,name_00318.jpg
name,Hoàng Như Ngọc,name_00319.jpg
name,Vũ Minh Nguyệt,name_00320.jpg
name,Nguyễn Thị Nhung,name_00321.jpg
name,Nguyễn Thị Phương,name_00322.jpg
name,Nguyễn Loan Phượng,name_00323.jpg
name,Đinh Thị Quy,name_00324.jpg
name,Chu Thị Tám,name_00325.jpg
name,Nguyễn Việt Thanh,name_00326.jpg
name,Nguyễn Thị Thảo,name_00327.jpg
name,Nguyễn Thị Thảo,name_00328.jpg
name,Trần Phương Thảo,name_00329.jpg
name,Triệu Thu Thảo,name_00330.jpg
name,Bùi Thị Thiện,name_00331.jpg
name,Phạm Thu Thùy,name_00332.jpg
name,Nguyễn Thị Trang,name_00333.jpg
name,Nguyễn Thị Thuý Vân,name_00334.jpg
name,Nguyễn Nhật Anh,name_00335.jpg
name,Phạm Thị Duyên,name_00336.jpg
name,Trần Thị Hồng Hạnh,name_00337.jpg
name,Lê Ngọc Hân,name_00338.jpg
name,Trần Thị Hiền,name_00339.jpg
name,Đỗ Thị Hoa,name_00340.jpg
name,Vũ Thị Minh Hòa,name_00341.jpg
name,Nguyễn Thị Hoàn,name_00342.jpg
name,Trịnh Thị Huyền,name_00343.jpg
name,Bùi Thị Hương,name_00344.jpg
name,Nguyễn Thu Hường,name_00345.jpg
name,Dương Thị Khuê,name_00346.jpg
name,Bùi Thị Lan Linh,name_00347.jpg
name,Đặng Ngọc Linh,name_00348.jpg
name,Nguyễn Thị Luyến,name_00349.jpg
name,Phạm Thị Mai,name_00350.jpg
name,Vũ Thị Thảo My,name_00351.jpg
name,Nguyễn Thị Kim Ngân,name_00352.jpg
name,Đinh Hải Ngọc,name_00353.jpg
name,Nguyễn Thị Thanh Nhung,name_00354.jpg
name,Trần Thị Quỳnh,name_00355.jpg
name,Nguyễn Phương Thảo,name_00356.jpg
name,Trần Thị Thảo,name_00357.jpg
name,Đặng Minh Thu,name_00358.jpg
name,Phạm Thị Hương Thuỷ,name_00359.jpg
name,Đỗ Ngọc Thuý,name_00360.jpg
name,Đinh Thị Thủy,name_00361.jpg
name,Bùi Thị Vân Trang,name_00362.jpg
name,Hà Thị Trang,name_00363.jpg
name,Hồ Thị Quỳnh Trang,name_00364.jpg
name,Lê Minh Hạnh Trang,name_00365.jpg
name,Lê Thị Trang,name_00366.jpg
name,Tạ Thị Thúy Kiều Trang,name_00367.jpg
name,Nguyễn Thị Tươi,name_00368.jpg
name,Trần Thị Thu Uyên,name_00369.jpg
name,Trịnh Thị Vân,name_00370.jpg
name,Vũ Thị Thanh Xuân,name_00371.jpg
name,Nguyễn Thị Anh,name_00372.jpg
name,Hán Thị Chinh,name_00373.jpg
name,Hoàng Thị Hà,name_00374.jpg
name,Nguyễn Thị Hạnh,name_00375.jpg
name,Nguyễn Thị Hoa,name_00376.jpg
name,Đinh Thị Thu Hương,name_00377.jpg
name,Lê Thị Hằng Nga,name_00378.jpg
name,Nguyễn Thị Kim Oanh,name_00379.jpg
name,Nguyễn Thị Thoa,name_00380.jpg
name,Trịnh Thị Chung,name_00381.jpg
name,Nguyễn Thị Giang,name_00382.jpg
name,Bùi Thị Thu Hà,name_00383.jpg
name,Nguyễn Thị Bích Hằng,name_00384.jpg
name,Nguyễn Thị Quỳnh Hoa,name_00385.jpg
name,Trần Thị Hòa,name_00386.jpg
name,Phạm Thị Hoài,name_00387.jpg
name,Nguyễn Thị Hồng,name_00388.jpg
name,Nguyễn Thu Huyền,name_00389.jpg
name,Vũ Thị Khánh,name_00390.jpg
name,Nguyễn Thị Liên,name_00391.jpg
name,Tạ Thị Hồng Loan,name_00392.jpg
name,Nguyễn Thị Ly,name_00393.jpg
name,Đỗ Thị Trà My,name_00394.jpg
name,Đỗ Thị Ngọc,name_00395.jpg
name,Phạm Thị Phương,name_00396.jpg
name,Vũ Thị Phương,name_00397.jpg
name,Nguyễn Thị Phượng,name_00398.jpg
name,Vương Thị Quý,name_00399.jpg
name,Dương Thị Thủy,name_00400.jpg
name,Bùi Thị Quỳnh Trang,name_00401.jpg
name,Nguyễn Ngọc Quỳnh Trang,name_00402.jpg
name,Phạm Huyền Trang,name_00403.jpg
name,Ngô Thu Uyên,name_00404.jpg
name,Vũ Văn Vĩ,name_00405.jpg
name,Hoàng Thị Yên,name_00406.jpg
name,Phùng Quang Tuấn Anh,name_00407.jpg
name,Vũ Thị Lâm Anh,name_00408.jpg
name,Nguyễn Hoàng Thanh Bảo,name_00409.jpg
name,Nguyễn Thị Ngọc Diệp,name_00410.jpg
name,Nguyễn Thị Dung,name_00411.jpg
name,Nguyễn Thị Dung,name_00412.jpg
name,Đỗ Thị Trà Giang,name_00413.jpg
name,Kiều Vân Hà,name_00414.jpg
name,Nguyễn Thị Thu Hà,name_00415.jpg
name,Trịnh Thị Hằng,name_00416.jpg
name,Vũ Thị Thanh Hòa,name_00417.jpg
name,Thân Thị Liên,name_00418.jpg
name,Bùi Thị Khánh Linh,name_00419.jpg
name,Vũ Thị Luyên,name_00420.jpg
name,Lê Thị Mai,name_00421.jpg
name,Lê Thị Thanh Mai,name_00422.jpg
name,Nguyễn Thị Mai,name_00423.jpg
name,Nguyễn Thị Tuyết Mai,name_00424.jpg
name,Tô Ngọc Minh,name_00425.jpg
name,Thái Thị Trà My,name_00426.jpg
name,Nguyễn Thị Ánh Ngọc,name_00427.jpg
name,Nguyễn Thị Bích Ngọc,name_00428.jpg
name,Đinh Thị Nhài,name_00429.jpg
name,Nguyễn Thị Ngọc Quỳnh,name_00430.jpg
name,Lê Hoàng Sơn,name_00431.jpg
name,Nguyễn Hồng Sơn,name_00432.jpg
name,Ngô Thị Thu Thảo,name_00433.jpg
name,Nguyễn Thị Thu,name_00434.jpg
name,Lê Thị Thu Thủy,name_00435.jpg
name,Ngô Thị Thuyết,name_00436.jpg
name,Đoàn Thu Trang,name_00437.jpg
name,Nguyễn Thị Trang,name_00438.jpg
name,Nguyễn Quang Trường,name_00439.jpg
name,Đặng Quốc Tuấn,name_00440.jpg
name,Nguyễn Thanh Tùng,name_00441.jpg
name,Đoàn Thị Tuyết,name_00442.jpg
name,Dương Hải Vân,name_00443.jpg
name,Nguyễn Thị Thúy Vinh,name_00444.jpg
name,Phạm Thanh Xuân,name_00445.jpg
name,Phùng Mạnh Đức,name_00446.jpg
name,Lê Thị Hà,name_00447.jpg
name,Lê Minh Hải,name_00448.jpg
name,Nguyễn Thị Kim Huệ,name_00449.jpg
name,Nguyễn Thị Hương,name_00450.jpg
name,Bùi Thị Linh,name_00451.jpg
name,Nguyễn Thị Kiều My,name_00452.jpg
name,Nguyễn Thị Tuyết Nhung,name_00453.jpg
name,Nguyễn Thị Thu,name_00454.jpg
name,Nguyễn Thanh Thủy,name_00455.jpg
name,Hoàng Thị Thu Trang,name_00456.jpg
name,Nguyễn Thị Huyền Trang,name_00457.jpg
name,Trương Phương Uyên,name_00458.jpg
name,Lưu Thị Hà,name_00459.jpg
name,Đinh Thị Huyền,name_00460.jpg
name,Phạm Quang Đạo,name_00461.jpg
name,Nguyễn Hà Lan Anh,name_00462.jpg
name,Nguyễn Đăng Nam,name_00463.jpg
name,Trần Đức Nam,name_00464.jpg
name,Đặng Xuân Thịnh,name_00465.jpg
name,Nguyễn Hữu Trung,name_00466.jpg
name,Vũ Quang Huy,name_00467.jpg
name,Phạm Vũ Hải,name_00468.jpg
name,Ngô Duy Hưng,name_00469.jpg
name,Bùi Sỹ Nhất Hiếu,name_00470.jpg
name,Đỗ Thị Khánh Huyền,name_00471.jpg
name,Lê Đình Hùng,name_00472.jpg
name,Lê Thị Phương Anh,name_00473.jpg
name,Đỗ Hoàng Việt,name_00474.jpg
name,Trần Quốc Hoàn,name_00475.jpg
name,Vũ Huy Hùng,name_00476.jpg
name,Nguyễn Phạm Khanh,name_00477.jpg
name,Nguyễn Gia Khoa,name_00478.jpg
name,Nguyễn Vũ Hải,name_00479.jpg
name,Đỗ Thị Thu Thái,name_00480.jpg
name,Nguyễn Thị Yến,name_00481.jpg
name,Nguyễn Thị Hương Thủy,name_00482.jpg
name,Bùi Phương Hạnh,name_00483.jpg
name,Nguyễn Thị Hằng,name_00484.jpg
name,Lương Thị Kim Cúc,name_00485.jpg
name,Đào Thị Diễm,name_00486.jpg
name,Nguyễn Thị Hồng Hạnh,name_00487.jpg
name,Nguyễn Thị Thu Hằng,name_00488.jpg
name,Phùng Thùy Linh,name_00489.jpg
name,Đỗ Hà My,name_00490.jpg
name,Vũ Thị Kiều Anh,name_00491.jpg
name,Lê Thị Thu Hiền,name_00492.jpg
name,Nguyễn Thị Hồng Hoa,name_00493.jpg
name,Nguyễn Minh Hoàng,name_00494.jpg
name,Phan Thu Phương,name_00495.jpg
name,Nguyễn Thị Thúy Quỳnh,name_00496.jpg
name,Bùi Phương Thảo,name_00497.jpg
name,Đỗ Huyền Trang,name_00498.jpg
name,Lê Huyền Trang,name_00499.jpg
name,Phạm Thu Trang,name_00500.jpg
name,Nguyễn Thị Kim Chi,name_00501.jpg
name,Nguyễn Quang Huy,name_00502.jpg
name,Trương Hoài Linh,name_00503.jpg
name,Nguyễn Thị Phương Thảo,name_00504.jpg
name,Phạm Thị Thu Uyên,name_00505.jpg
name,Nguyễn Lê Mỹ Linh,name_00506.jpg
name,Trần Thị Quỳnh,name_00507.jpg
name,Lê Thị Thắm,name_00508.jpg
name,Nguyễn Thị Tố Uyên,name_00509.jpg
name,Trần Thị Xuyến,name_00510.jpg
name,Đặng Kim Chi,name_00511.jpg
name,Phạm Quang Dĩnh,name_00512.jpg
name,Vũ Quốc Lập,name_00513.jpg
name,Vũ Anh Trường,name_00514.jpg
name,Nguyễn Thị Phượng,name_00515.jpg
name,Nguyễn Văn Sự,name_00516.jpg
name,Đinh Thị Oanh(NH),name_00517.jpg
name,Phan Đức Toàn,name_00518.jpg
name,Phạm Tuấn Vũ,name_00519.jpg
name,Nguyễn Trung Dũng,name_00520.jpg
name,Nguyễn Thuỳ Linh,name_00521.jpg
name,Nguyễn Hoàng Long,name_00522.jpg
name,Bùi Thị Phương,name_00523.jpg
name,Hoàng Đình Sơn,name_00524.jpg
name,Hoàng Thị Phương Thảo,name_00525.jpg
name,Nguyễn Duy Tiến,name_00526.jpg
name,Bùi Nguyễn Thanh Tùng,name_00527.jpg
name,Nguyễn Thành Công,name_00528.jpg
name,Nguyễn Thị Ngọc Diệp,name_00529.jpg
name,Nguyễn Văn Kha,name_00530.jpg
name,Lê Hải Nam,name_00531.jpg
name,Lò Thị Nga(NH),name_00532.jpg
name,Nguyễn Văn Nhật,name_00533.jpg
name,Lê Công Trí,name_00534.jpg
name,Dư Văn Dũng,name_00535.jpg
name,Hoàng Gia Khánh,name_00536.jpg
name,Nguyễn Hùng Lâm,name_00537.jpg
name,Hoàng Văn Đạo,name_00538.jpg
name,Phan Thị Hiệp,name_00539.jpg
name,Nguyễn Việt Anh,name_00540.jpg
name,Nguyễn Thị Lan Hương,name_00541.jpg
name,Bùi Thị Kim Anh,name_00542.jpg
name,Trịnh Thị Anh,name_00543.jpg
name,Nguyễn Thị Ngọc ánh,name_00544.jpg
name,Lục Văn Hải,name_00545.jpg
name,Lê Thị Ngọc Lan,name_00546.jpg
name,Phan Minh Lộc,name_00547.jpg
name,Vũ Thị Tuyết Mai,name_00548.jpg
name,Nguyễn Thanh Nga,name_00549.jpg
name,Nguyễn Như Việt Anh,name_00550.jpg
name,Phạm Thị Thảo Anh,name_00551.jpg
name,Tăng Thùy Dung,name_00552.jpg
name,Lê Thu Hà,name_00553.jpg
name,Mai Thị Nga,name_00554.jpg
name,Nguyễn Thị Kim Ngân,name_00555.jpg
name,Nguyễn Thị Như Quỳnh,name_00556.jpg
name,Nguyễn Như Thăng,name_00557.jpg
name,Lê Thị Bình,name_00558.jpg
name,Nguyễn Văn Đức,name_00559.jpg
name,Nguyễn Thị Ngọc Huyền,name_00560.jpg
name,Lê Công Quyết,name_00561.jpg
name,Cao Thế Thịnh,name_00562.jpg
name,Trần Tiến Tiệp,name_00563.jpg
name,Nguyễn Ngọc Tuấn,name_00564.jpg
name,Nguyễn Quang Tuấn,name_00565.jpg
name,Vũ Anh Tuấn,name_00566.jpg
name,Thân Văn Ước,name_00567.jpg
name,Bùi Thị Ngọc Huyền,name_00568.jpg
name,Nguyễn Thị Sâm,name_00569.jpg
name,Nguyễn Thị Ngọc ánh,name_00570.jpg
name,Lương Thị Thu Hằng,name_00571.jpg
name,Võ Minh Hiền,name_00572.jpg
name,Cao Diệu Huyền,name_00573.jpg
name,Đặng Thị Thảo,name_00574.jpg
name,Nguyễn Thị Thủy,name_00575.jpg
name,Lê Công Tuấn,name_00576.jpg
name,Nguyễn Thị Loan,name_00577.jpg
name,Ngô Thục Mai,name_00578.jpg
name,Nguyễn Thị Lan,name_00579.jpg
name,Trần Thị Huệ,name_00580.jpg
